-- phpMyAdmin SQL Dump
-- version 5.1.1deb5ubuntu1
-- https://www.phpmyadmin.net/
--
-- Host: localhost:3306
-- Erstellungszeit: 13. Jan 2024 um 16:50
-- Server-Version: 8.0.31-0ubuntu0.22.04.1
-- PHP-Version: 8.1.12

SET SQL_MODE = "NO_AUTO_VALUE_ON_ZERO";
START TRANSACTION;
SET time_zone = "+00:00";


/*!40101 SET @OLD_CHARACTER_SET_CLIENT=@@CHARACTER_SET_CLIENT */;
/*!40101 SET @OLD_CHARACTER_SET_RESULTS=@@CHARACTER_SET_RESULTS */;
/*!40101 SET @OLD_COLLATION_CONNECTION=@@COLLATION_CONNECTION */;
/*!40101 SET NAMES utf8mb4 */;

--
-- Datenbank: `GyleInf`
--

-- --------------------------------------------------------

--
-- Tabellenstruktur für Tabelle `Klasse`
--

CREATE TABLE `Klasse` (
  `ID` mediumint NOT NULL,
  `Name` varchar(10) NOT NULL,
  `Raum` varchar(10) NOT NULL,
  `LehrerID` mediumint NOT NULL
) ENGINE=InnoDB DEFAULT ;

--
-- Daten für Tabelle `Klasse`
--

INSERT INTO `Klasse` (`ID`, `Name`, `Raum`, `LehrerID`) VALUES
(1, '6a', 'A301', 10),
(2, '6b', 'A302', 11),
(3, '9a', 'C104', 13),
(4, '9b', 'C106', 14),
(5, '9c', 'C108', 15),
(6, '7a', 'C101', 20),
(7, '7b', 'C102', 21),
(8, 'S3NAT', 'H400', 30),
(9, 'S3KUN', 'H404', 32),
(10, 'S3BIO', 'H401', 31),
(11, 'S1BIO', 'H301', 36),
(12, 'S1NAT', 'H300', 40),
(13, '8a', 'A101', 38),
(14, '8b', 'A102', 33);

-- --------------------------------------------------------

--
-- Tabellenstruktur für Tabelle `Kurs`
--

CREATE TABLE `Kurs` (
  `ID` mediumint NOT NULL,
  `Name` varchar(20) NOT NULL,
  `LehrerID` smallint NOT NULL
) ENGINE=InnoDB DEFAULT ;

--
-- Daten für Tabelle `Kurs`
--

INSERT INTO `Kurs` (`ID`, `Name`, `LehrerID`) VALUES
(1, 'Keramik 101', 27),
(2, 'Keramik 102', 2),
(3, 'Griechisch 1', 37),
(4, 'Griechisch 2', 9),
(5, 'Mathe +', 34),
(6, 'Informatik 1', 16),
(7, 'Informatik 2', 40),
(8, 'AVM 101', 2),
(9, 'AVM 102', 7),
(10, 'Literatur', 26),
(11, 'AltGirechisch', 9),
(12, 'Theater', 31),
(13, 'Acapella', 21),
(14, 'Handwerken', 27),
(15, 'Art&Design', 33),
(16, 'JazzDance', 31),
(17, 'Yoga', 15),
(18, 'Englisch Förder', 6),
(19, 'Englisch +', 6),
(20, 'Rudern', 38),
(21, 'Volleyball', 38),
(22, 'Calligraphy', 22),
(23, 'Deutsch Gedichte', 3),
(24, 'Deutsch Lyrik', 3),
(25, 'Deutsch Poesie', 3),
(26, 'UmweltSchutz', 13),
(27, 'Öko-Bauen', 13),
(28, 'Biologische LWS', 13),
(29, 'Bio und Trade Fair', 13);

-- --------------------------------------------------------

--
-- Tabellenstruktur für Tabelle `KursSchueler`
--

CREATE TABLE `KursSchueler` (
  `KursID` mediumint NOT NULL,
  `SchuelerID` mediumint NOT NULL,
  `Note` int DEFAULT NULL
) ENGINE=InnoDB DEFAULT ;

--
-- Daten für Tabelle `KursSchueler`
--

INSERT INTO `KursSchueler` (`KursID`, `SchuelerID`, `Note`) VALUES
(1, 5, 15),
(1, 7, 7),
(1, 9, 3),
(1, 26, 6),
(1, 31, 12),
(1, 33, 4),
(1, 34, 6),
(1, 53, 2),
(1, 62, 6),
(1, 66, 3),
(1, 67, 9),
(1, 73, 8),
(1, 81, 11),
(1, 85, 14),
(1, 87, 6),
(1, 97, 11),
(1, 104, 7),
(1, 115, 9),
(1, 116, 6),
(1, 123, 11),
(1, 124, 15),
(1, 128, 12),
(1, 130, 4),
(1, 139, 10),
(1, 141, 6),
(1, 146, 7),
(1, 149, 4),
(1, 151, 10),
(1, 156, 8),
(1, 160, 8),
(1, 162, 13),
(1, 164, 11),
(1, 169, 15),
(1, 174, 13),
(1, 176, 15),
(1, 179, 7),
(1, 183, 4),
(2, 1, 6),
(2, 2, 6),
(2, 4, 9),
(2, 5, 15),
(2, 18, 9),
(2, 27, 12),
(2, 29, 8),
(2, 30, 4),
(2, 42, 2),
(2, 50, 5),
(2, 56, 12),
(2, 58, 15),
(2, 60, 15),
(2, 64, 11),
(2, 65, 6),
(2, 66, 5),
(2, 69, 8),
(2, 72, 15),
(2, 76, 9),
(2, 80, 9),
(2, 86, 7),
(2, 87, 9),
(2, 88, 14),
(2, 99, 4),
(2, 100, 11),
(2, 110, 15),
(2, 121, 9),
(2, 128, 15),
(2, 148, 12),
(2, 152, 5),
(2, 159, 7),
(2, 166, 6),
(2, 170, 6),
(2, 175, 9),
(2, 194, 13),
(3, 3, 9),
(3, 8, 10),
(3, 13, 4),
(3, 18, 10),
(3, 25, 3),
(3, 35, 11),
(3, 53, 7),
(3, 55, 6),
(3, 60, 15),
(3, 63, 2),
(3, 66, 2),
(3, 72, 11),
(3, 76, 8),
(3, 77, 15),
(3, 78, 10),
(3, 82, 15),
(3, 88, 12),
(3, 91, 9),
(3, 93, 11),
(3, 101, 11),
(3, 108, 3),
(3, 114, 6),
(3, 127, 2),
(3, 140, 10),
(3, 142, 6),
(3, 144, 4),
(3, 145, 8),
(3, 146, 9),
(3, 150, 12),
(3, 154, 6),
(3, 156, 5),
(3, 159, 6),
(3, 161, 13),
(3, 167, 10),
(3, 177, 11),
(3, 188, 5),
(3, 190, 8),
(3, 196, 4),
(4, 17, 6),
(4, 28, 10),
(4, 36, 7),
(4, 37, 9),
(4, 58, 14),
(4, 69, 9),
(4, 70, 2),
(4, 77, 15),
(4, 85, 13),
(4, 88, 13),
(4, 89, 15),
(4, 95, 7),
(4, 98, 7),
(4, 101, 14),
(4, 108, 2),
(4, 109, 8),
(4, 115, 3),
(4, 124, 11),
(4, 125, 4),
(4, 126, 5),
(4, 138, 11),
(4, 139, 10),
(4, 144, 6),
(4, 146, 11),
(4, 152, 5),
(4, 155, 7),
(4, 168, 2),
(4, 171, 13),
(4, 176, 10),
(4, 185, 12),
(4, 189, 5),
(4, 198, 11),
(4, 200, 9),
(5, 1, 2),
(5, 6, 6),
(5, 9, 2),
(5, 12, 12),
(5, 17, 2),
(5, 51, 8),
(5, 61, 12),
(5, 65, 9),
(5, 68, 8),
(5, 73, 7),
(5, 77, 13),
(5, 81, 14),
(5, 101, 8),
(5, 102, 2),
(5, 103, 11),
(5, 111, 12),
(5, 118, 11),
(5, 120, 9),
(5, 122, 4),
(5, 129, 6),
(5, 131, 9),
(5, 133, 12),
(5, 145, 14),
(5, 164, 9),
(5, 165, 12),
(5, 174, 15),
(5, 179, 7),
(5, 181, 7),
(5, 191, 13),
(5, 200, 10),
(6, 24, 7),
(6, 31, 7),
(6, 47, 3),
(6, 48, 8),
(6, 49, 8),
(6, 50, 3),
(6, 51, 10),
(6, 52, 5),
(6, 53, 2),
(6, 56, 14),
(6, 74, 4),
(6, 82, 15),
(6, 103, 10),
(6, 109, 10),
(6, 113, 4),
(6, 130, 6),
(6, 137, 9),
(6, 144, 4),
(6, 153, 15),
(6, 159, 9),
(6, 163, 6),
(6, 168, 7),
(6, 169, 15),
(6, 170, 6),
(6, 172, 15),
(6, 181, 9),
(6, 182, 3),
(6, 185, 15),
(7, 10, 11),
(7, 20, 10),
(7, 21, 11),
(7, 25, 2),
(7, 34, 12),
(7, 37, 10),
(7, 40, 9),
(7, 49, 4),
(7, 52, 5),
(7, 53, 3),
(7, 55, 6),
(7, 59, 7),
(7, 66, 4),
(7, 72, 13),
(7, 75, 6),
(7, 84, 11),
(7, 98, 4),
(7, 103, 9),
(7, 106, 8),
(7, 122, 3),
(7, 127, 5),
(7, 129, 11),
(7, 132, 15),
(7, 134, 11),
(7, 137, 8),
(7, 139, 8),
(7, 141, 9),
(7, 145, 12),
(7, 148, 11),
(7, 157, 3),
(7, 161, 7),
(7, 162, 14),
(7, 166, 2),
(7, 167, 8),
(7, 185, 15),
(7, 193, 5),
(8, 4, 8),
(8, 8, 7),
(8, 12, 12),
(8, 22, 13),
(8, 44, 10),
(8, 56, 10),
(8, 57, 13),
(8, 62, 10),
(8, 70, 2),
(8, 73, 10),
(8, 75, 13),
(8, 79, 3),
(8, 91, 9),
(8, 95, 6),
(8, 102, 4),
(8, 107, 2),
(8, 111, 12),
(8, 117, 6),
(8, 119, 7),
(8, 123, 10),
(8, 126, 10),
(8, 127, 7),
(8, 153, 14),
(8, 157, 6),
(8, 160, 8),
(8, 167, 9),
(8, 173, 11),
(8, 174, 15),
(8, 182, 2),
(8, 187, 3),
(8, 196, 6),
(8, 198, 8),
(9, 4, 7),
(9, 5, 15),
(9, 6, 7),
(9, 7, 6),
(9, 12, 9),
(9, 19, 8),
(9, 29, 13),
(9, 43, 13),
(9, 44, 6),
(9, 48, 8),
(9, 56, 15),
(9, 59, 7),
(9, 62, 11),
(9, 64, 15),
(9, 66, 2),
(9, 67, 7),
(9, 69, 8),
(9, 72, 14),
(9, 78, 13),
(9, 81, 11),
(9, 91, 8),
(9, 99, 4),
(9, 115, 8),
(9, 116, 2),
(9, 118, 13),
(9, 122, 5),
(9, 127, 3),
(9, 128, 11),
(9, 150, 13),
(9, 152, 7),
(9, 155, 5),
(9, 160, 7),
(9, 175, 7),
(9, 183, 5),
(9, 186, 9),
(9, 188, 3),
(9, 197, 7),
(10, 1, 7),
(10, 3, 13),
(10, 22, 11),
(10, 41, 4),
(10, 46, 11),
(10, 51, 13),
(10, 63, 2),
(10, 74, 2),
(10, 84, 10),
(10, 86, 13),
(10, 89, 13),
(10, 92, 7),
(10, 107, 2),
(10, 114, 12),
(10, 133, 15),
(10, 134, 13),
(10, 135, 3),
(10, 137, 13),
(10, 143, 2),
(10, 145, 9),
(10, 146, 10),
(10, 147, 3),
(10, 157, 7),
(10, 173, 6),
(10, 184, 15),
(10, 187, 7),
(10, 189, 6),
(10, 193, 5),
(11, 2, 6),
(11, 10, 10),
(11, 29, 12),
(11, 32, 9),
(11, 35, 12),
(11, 36, 2),
(11, 40, 8),
(11, 46, 9),
(11, 49, 7),
(11, 54, 5),
(11, 56, 12),
(11, 61, 7),
(11, 68, 5),
(11, 70, 4),
(11, 75, 11),
(11, 79, 4),
(11, 87, 7),
(11, 90, 8),
(11, 105, 8),
(11, 110, 12),
(11, 111, 10),
(11, 113, 6),
(11, 117, 8),
(11, 121, 12),
(11, 122, 5),
(11, 131, 12),
(11, 133, 13),
(11, 140, 9),
(11, 151, 9),
(11, 153, 12),
(11, 160, 5),
(11, 164, 14),
(11, 170, 5),
(11, 173, 8),
(11, 177, 7),
(11, 178, 7),
(11, 181, 9),
(11, 182, 2),
(11, 188, 7),
(11, 190, 13),
(11, 195, 6),
(12, 1, 8),
(12, 8, 12),
(12, 11, 15),
(12, 13, 5),
(12, 14, 6),
(12, 20, 11),
(12, 24, 3),
(12, 27, 11),
(12, 36, 2),
(12, 39, 8),
(12, 46, 9),
(12, 57, 9),
(12, 58, 15),
(12, 59, 11),
(12, 60, 15),
(12, 79, 8),
(12, 93, 15),
(12, 100, 11),
(12, 101, 10),
(12, 107, 7),
(12, 109, 6),
(12, 120, 12),
(12, 121, 7),
(12, 124, 15),
(12, 129, 11),
(12, 135, 8),
(12, 142, 4),
(12, 143, 6),
(12, 148, 7),
(12, 165, 15),
(12, 178, 3),
(12, 179, 9),
(12, 184, 15),
(12, 195, 9),
(13, 2, 3),
(13, 6, 10),
(13, 7, 2),
(13, 10, 10),
(13, 11, 15),
(13, 24, 7),
(13, 28, 8),
(13, 32, 5),
(13, 35, 11),
(13, 46, 11),
(13, 59, 10),
(13, 65, 9),
(13, 81, 8),
(13, 92, 10),
(13, 96, 15),
(13, 99, 5),
(13, 101, 10),
(13, 102, 4),
(13, 114, 12),
(13, 116, 7),
(13, 119, 4),
(13, 120, 9),
(13, 123, 6),
(13, 130, 6),
(13, 132, 15),
(13, 133, 13),
(13, 138, 7),
(13, 162, 12),
(13, 167, 8),
(13, 168, 2),
(13, 172, 12),
(13, 184, 13),
(13, 186, 11),
(13, 190, 13),
(13, 199, 9),
(14, 2, 2),
(14, 14, 9),
(14, 18, 5),
(14, 27, 11),
(14, 31, 11),
(14, 36, 2),
(14, 38, 9),
(14, 44, 6),
(14, 49, 5),
(14, 54, 10),
(14, 63, 5),
(14, 69, 3),
(14, 76, 6),
(14, 79, 8),
(14, 111, 15),
(14, 125, 2),
(14, 135, 7),
(14, 136, 4),
(14, 137, 14),
(14, 141, 4),
(14, 149, 8),
(14, 153, 10),
(14, 155, 8),
(14, 163, 5),
(14, 165, 15),
(14, 180, 7),
(14, 189, 5),
(14, 191, 8),
(14, 193, 2),
(15, 5, 15),
(15, 13, 9),
(15, 15, 4),
(15, 19, 8),
(15, 24, 2),
(15, 27, 7),
(15, 30, 2),
(15, 33, 8),
(15, 39, 11),
(15, 51, 9),
(15, 63, 3),
(15, 67, 11),
(15, 68, 8),
(15, 73, 10),
(15, 74, 3),
(15, 82, 15),
(15, 92, 9),
(15, 96, 15),
(15, 100, 11),
(15, 105, 14),
(15, 112, 12),
(15, 113, 2),
(15, 131, 15),
(15, 137, 8),
(15, 139, 8),
(15, 142, 10),
(15, 144, 3),
(15, 147, 2),
(15, 155, 5),
(15, 161, 12),
(15, 169, 15),
(15, 171, 13),
(15, 178, 10),
(15, 180, 2),
(15, 193, 7),
(15, 197, 9),
(15, 199, 6),
(15, 200, 9),
(16, 6, 7),
(16, 9, 3),
(16, 10, 11),
(16, 13, 3),
(16, 20, 12),
(16, 27, 8),
(16, 28, 5),
(16, 32, 4),
(16, 33, 7),
(16, 42, 6),
(16, 44, 6),
(16, 47, 9),
(16, 48, 8),
(16, 60, 15),
(16, 61, 10),
(16, 64, 15),
(16, 70, 9),
(16, 80, 7),
(16, 90, 10),
(16, 91, 11),
(16, 96, 15),
(16, 97, 8),
(16, 99, 6),
(16, 105, 12),
(16, 106, 7),
(16, 113, 4),
(16, 118, 7),
(16, 126, 9),
(16, 130, 5),
(16, 132, 12),
(16, 136, 6),
(16, 143, 2),
(16, 151, 9),
(16, 156, 8),
(16, 162, 11),
(16, 163, 5),
(16, 186, 12),
(16, 190, 13),
(16, 191, 7),
(16, 195, 10),
(17, 7, 8),
(17, 15, 2),
(17, 20, 6),
(17, 21, 15),
(17, 22, 15),
(17, 33, 7),
(17, 34, 9),
(17, 38, 10),
(17, 43, 15),
(17, 54, 7),
(17, 64, 15),
(17, 67, 7),
(17, 69, 6),
(17, 80, 7),
(17, 81, 9),
(17, 83, 2),
(17, 84, 8),
(17, 86, 13),
(17, 89, 11),
(17, 97, 13),
(17, 105, 14),
(17, 109, 10),
(17, 112, 13),
(17, 116, 7),
(17, 126, 6),
(17, 135, 8),
(17, 136, 3),
(17, 138, 14),
(17, 148, 12),
(17, 152, 10),
(17, 153, 11),
(17, 154, 6),
(17, 161, 10),
(17, 171, 10),
(17, 172, 14),
(17, 176, 15),
(17, 189, 5),
(17, 192, 3),
(17, 195, 12),
(17, 200, 12),
(18, 1, 3),
(18, 11, 12),
(18, 19, 13),
(18, 23, 9),
(18, 26, 3),
(18, 31, 7),
(18, 41, 8),
(18, 44, 7),
(18, 51, 8),
(18, 65, 9),
(18, 74, 5),
(18, 78, 8),
(18, 98, 6),
(18, 121, 12),
(18, 125, 8),
(18, 127, 5),
(18, 138, 9),
(18, 143, 4),
(18, 149, 9),
(18, 156, 4),
(18, 162, 10),
(18, 171, 9),
(18, 172, 12),
(18, 175, 11),
(18, 178, 9),
(18, 192, 3),
(18, 198, 4),
(19, 4, 8),
(19, 5, 12),
(19, 13, 3),
(19, 16, 10),
(19, 24, 4),
(19, 26, 2),
(19, 32, 9),
(19, 36, 4),
(19, 38, 3),
(19, 43, 15),
(19, 54, 6),
(19, 57, 10),
(19, 58, 10),
(19, 61, 14),
(19, 63, 5),
(19, 76, 9),
(19, 83, 6),
(19, 89, 15),
(19, 93, 14),
(19, 94, 4),
(19, 104, 13),
(19, 105, 10),
(19, 108, 2),
(19, 124, 10),
(19, 126, 7),
(19, 131, 14),
(19, 134, 12),
(19, 159, 4),
(19, 166, 8),
(19, 172, 15),
(19, 179, 12),
(19, 189, 2),
(19, 193, 6),
(19, 198, 7),
(20, 28, 10),
(20, 37, 11),
(20, 42, 7),
(20, 43, 14),
(20, 45, 5),
(20, 50, 9),
(20, 62, 4),
(20, 71, 5),
(20, 72, 14),
(20, 90, 10),
(20, 94, 5),
(20, 102, 5),
(20, 106, 6),
(20, 108, 2),
(20, 109, 9),
(20, 113, 2),
(20, 128, 15),
(20, 131, 9),
(20, 134, 9),
(20, 139, 14),
(20, 142, 6),
(20, 168, 2),
(20, 169, 13),
(20, 178, 7),
(20, 185, 11),
(20, 192, 2),
(20, 196, 5),
(21, 3, 11),
(21, 7, 3),
(21, 10, 10),
(21, 14, 13),
(21, 15, 2),
(21, 19, 9),
(21, 21, 13),
(21, 26, 2),
(21, 30, 6),
(21, 37, 8),
(21, 39, 9),
(21, 45, 2),
(21, 49, 11),
(21, 50, 3),
(21, 71, 2),
(21, 76, 13),
(21, 78, 13),
(21, 83, 5),
(21, 90, 13),
(21, 94, 7),
(21, 95, 2),
(21, 96, 15),
(21, 114, 9),
(21, 117, 7),
(21, 140, 12),
(21, 141, 8),
(21, 144, 3),
(21, 147, 5),
(21, 150, 13),
(21, 154, 8),
(21, 158, 9),
(21, 165, 14),
(21, 168, 4),
(21, 173, 11),
(21, 175, 8),
(21, 176, 14),
(21, 187, 2),
(21, 192, 4),
(21, 194, 13),
(21, 195, 13),
(21, 197, 6),
(22, 15, 3),
(22, 17, 7),
(22, 18, 11),
(22, 21, 15),
(22, 23, 13),
(22, 29, 13),
(22, 34, 10),
(22, 37, 8),
(22, 41, 9),
(22, 45, 2),
(22, 57, 10),
(22, 67, 8),
(22, 73, 13),
(22, 80, 12),
(22, 88, 15),
(22, 93, 15),
(22, 97, 13),
(22, 98, 6),
(22, 103, 9),
(22, 106, 7),
(22, 110, 14),
(22, 112, 10),
(22, 119, 2),
(22, 120, 13),
(22, 123, 10),
(22, 125, 3),
(22, 132, 14),
(22, 134, 11),
(22, 136, 8),
(22, 141, 8),
(22, 145, 15),
(22, 146, 7),
(22, 150, 11),
(22, 151, 5),
(22, 154, 3),
(22, 161, 8),
(22, 166, 3),
(22, 170, 6),
(22, 180, 8),
(22, 187, 5),
(22, 190, 10),
(22, 191, 10),
(22, 198, 10),
(23, 3, 10),
(23, 12, 15),
(23, 20, 8),
(23, 23, 15),
(23, 30, 2),
(23, 38, 8),
(23, 39, 8),
(23, 40, 6),
(23, 41, 4),
(23, 47, 8),
(23, 55, 6),
(23, 71, 2),
(23, 83, 7),
(23, 87, 9),
(23, 94, 5),
(23, 100, 9),
(23, 104, 11),
(23, 114, 12),
(23, 116, 2),
(23, 117, 8),
(23, 119, 3),
(23, 121, 11),
(23, 157, 2),
(23, 158, 8),
(23, 165, 15),
(23, 174, 14),
(23, 177, 10),
(23, 183, 2),
(23, 186, 5),
(23, 188, 6),
(23, 194, 8),
(24, 4, 10),
(24, 9, 8),
(24, 11, 11),
(24, 14, 8),
(24, 16, 9),
(24, 17, 8),
(24, 18, 12),
(24, 25, 2),
(24, 48, 3),
(24, 50, 7),
(24, 52, 4),
(24, 71, 2),
(24, 75, 12),
(24, 95, 3),
(24, 98, 6),
(24, 100, 11),
(24, 102, 4),
(24, 106, 2),
(24, 107, 2),
(24, 118, 7),
(24, 122, 2),
(24, 129, 12),
(24, 140, 9),
(24, 147, 6),
(24, 149, 4),
(24, 157, 6),
(24, 158, 9),
(24, 166, 7),
(24, 175, 11),
(24, 177, 6),
(24, 179, 5),
(24, 184, 14),
(24, 197, 7),
(24, 199, 5),
(25, 3, 15),
(25, 11, 15),
(25, 19, 7),
(25, 23, 15),
(25, 25, 2),
(25, 34, 6),
(25, 35, 14),
(25, 40, 4),
(25, 42, 7),
(25, 45, 3),
(25, 46, 11),
(25, 47, 2),
(25, 48, 8),
(25, 59, 5),
(25, 68, 7),
(25, 70, 2),
(25, 77, 15),
(25, 78, 11),
(25, 82, 15),
(25, 85, 14),
(25, 87, 4),
(25, 88, 15),
(25, 92, 11),
(25, 99, 7),
(25, 108, 2),
(25, 120, 11),
(25, 123, 10),
(25, 135, 8),
(25, 143, 5),
(25, 149, 8),
(25, 150, 11),
(25, 163, 6),
(25, 171, 9),
(25, 174, 14),
(25, 184, 15),
(26, 8, 7),
(26, 16, 9),
(26, 22, 9),
(26, 25, 2),
(26, 29, 8),
(26, 31, 12),
(26, 40, 11),
(26, 42, 6),
(26, 43, 11),
(26, 53, 2),
(26, 54, 5),
(26, 55, 7),
(26, 60, 15),
(26, 62, 8),
(26, 74, 6),
(26, 77, 15),
(26, 84, 12),
(26, 86, 11),
(26, 90, 8),
(26, 91, 11),
(26, 93, 11),
(26, 94, 8),
(26, 96, 12),
(26, 104, 9),
(26, 110, 10),
(26, 117, 7),
(26, 119, 3),
(26, 124, 9),
(26, 132, 13),
(26, 136, 4),
(26, 152, 4),
(26, 158, 11),
(26, 164, 9),
(26, 167, 4),
(26, 169, 15),
(26, 173, 9),
(26, 177, 6),
(26, 181, 12),
(26, 182, 6),
(26, 183, 6),
(26, 187, 2),
(26, 194, 13),
(26, 196, 4),
(26, 197, 6),
(27, 6, 4),
(27, 8, 6),
(27, 12, 13),
(27, 14, 9),
(27, 15, 2),
(27, 16, 7),
(27, 26, 3),
(27, 28, 8),
(27, 30, 9),
(27, 33, 4),
(27, 45, 2),
(27, 52, 5),
(27, 57, 12),
(27, 61, 11),
(27, 79, 2),
(27, 83, 2),
(27, 85, 10),
(27, 107, 5),
(27, 111, 15),
(27, 112, 14),
(27, 115, 8),
(27, 147, 4),
(27, 151, 6),
(27, 159, 10),
(27, 181, 8),
(27, 182, 2),
(27, 192, 5),
(27, 194, 10),
(28, 9, 2),
(28, 16, 11),
(28, 17, 4),
(28, 21, 15),
(28, 23, 15),
(28, 35, 15),
(28, 39, 6),
(28, 65, 5),
(28, 68, 4),
(28, 75, 7),
(28, 80, 10),
(28, 82, 15),
(28, 85, 10),
(28, 86, 7),
(28, 89, 15),
(28, 95, 2),
(28, 103, 10),
(28, 112, 9),
(28, 118, 12),
(28, 125, 5),
(28, 129, 8),
(28, 130, 8),
(28, 138, 8),
(28, 148, 14),
(28, 154, 3),
(28, 155, 10),
(28, 156, 7),
(28, 180, 6),
(28, 186, 8),
(28, 196, 7),
(28, 199, 8),
(29, 2, 2),
(29, 22, 10),
(29, 32, 5),
(29, 38, 5),
(29, 41, 5),
(29, 47, 3),
(29, 52, 2),
(29, 55, 8),
(29, 58, 12),
(29, 64, 15),
(29, 71, 2),
(29, 84, 9),
(29, 92, 8),
(29, 97, 7),
(29, 104, 9),
(29, 110, 12),
(29, 115, 9),
(29, 128, 15),
(29, 133, 9),
(29, 140, 12),
(29, 142, 4),
(29, 158, 9),
(29, 160, 11),
(29, 163, 6),
(29, 164, 12),
(29, 170, 5),
(29, 176, 11),
(29, 180, 2),
(29, 183, 7),
(29, 185, 10),
(29, 188, 3),
(29, 191, 11),
(29, 199, 9),
(29, 200, 13);

-- --------------------------------------------------------

--
-- Tabellenstruktur für Tabelle `Lehrer`
--

CREATE TABLE `Lehrer` (
  `ID` mediumint NOT NULL,
  `Vorname` varchar(255) CHARACTER SET utf8mb4 COLLATE utf8mb4_0900_ai_ci DEFAULT NULL,
  `Nachname` varchar(255) CHARACTER SET utf8mb4 COLLATE utf8mb4_0900_ai_ci DEFAULT NULL,
  `GebDatum` varchar(255) CHARACTER SET utf8mb4 COLLATE utf8mb4_0900_ai_ci DEFAULT NULL,
  `Geschlecht` text CHARACTER SET utf8mb4 COLLATE utf8mb4_0900_ai_ci,
  `Adresse` varchar(255) CHARACTER SET utf8mb4 COLLATE utf8mb4_0900_ai_ci DEFAULT NULL,
  `Email` varchar(255) CHARACTER SET utf8mb4 COLLATE utf8mb4_0900_ai_ci DEFAULT NULL,
  `Rolle` varchar(50) DEFAULT NULL
) ENGINE=InnoDB DEFAULT ;

--
-- Daten für Tabelle `Lehrer`
--

INSERT INTO `Lehrer` (`ID`, `Vorname`, `Nachname`, `GebDatum`, `Geschlecht`, `Adresse`, `Email`, `Rolle`) VALUES
(1, 'Zephr', 'Dillon', '1979-08-27', 'f', 'P.O. Box 935, 8067 Posuere St.', 'tortor.dictum.eu@outlook.edu', NULL),
(2, 'Jacqueline', 'Rowland', '1996-11-11', 'f', 'Ap #154-7823 Malesuada St.', 'pede.nec@yahoo.org', 'Ltg. Kunst'),
(3, 'Miranda', 'Compton', '1998-12-20', 'f', '859-2101 Sed Road', 'ut.molestie.in@protonmail.edu', NULL),
(4, 'Genevieve', 'Benson', '1995-12-15', 'f', 'Ap #308-1976 Nulla Rd.', 'phasellus@outlook.couk', NULL),
(5, 'Hermione', 'Knight', '1970-04-12', 'f', '3920 Donec Road', 'odio.aliquam.vulputate@icloud.com', NULL),
(6, 'Teegan', 'Berg', '1978-08-07', 'f', 'P.O. Box 799, 7391 Vel St.', 'bibendum.sed@outlook.com', NULL),
(7, 'Rae', 'Jackson', '1980-04-23', 'f', '132-2026 Cursus. St.', 'sed.libero@aol.ca', NULL),
(8, 'Zena', 'Haley', '1980-08-25', 'f', 'Ap #948-9755 Nibh. Rd.', 'penatibus.et@protonmail.ca', 'Stv. Schulleitung'),
(9, 'Shellie', 'Calhoun', '1957-05-10', 'f', '252-5541 Nibh. Rd.', 'orci@yahoo.com', NULL),
(10, 'Isabella', 'Hampton', '1992-05-16', 'f', '465-915 Cras St.', 'urna.nec.luctus@icloud.edu', NULL),
(11, 'Kirby', 'Ware', '1958-08-01', 'f', 'Ap #998-3466 Ornare, Street', 'mi@protonmail.org', NULL),
(12, 'Robin', 'Peterson', '1977-02-20', 'f', 'Ap #414-4674 Eget Rd.', 'dignissim.magna@aol.org', NULL),
(13, 'Ignacia', 'Davenport', '1996-06-24', 'f', 'P.O. Box 286, 3718 Sed Av.', 'scelerisque.mollis.phasellus@google.ca', NULL),
(14, 'Indira', 'Mckee', '1997-11-25', 'f', '6898 Lobortis Rd.', 'orci@protonmail.couk', 'Ltg. NAT'),
(15, 'Ocean', 'Harrell', '1995-05-28', 'f', 'Ap #699-1553 Est Rd.', 'curabitur.dictum.phasellus@outlook.edu', NULL),
(16, 'Elizabeth', 'Burnett', '1967-11-20', 'f', 'Ap #662-8663 Neque St.', 'sit.amet@outlook.org', NULL),
(17, 'Ben', 'Ayala', '1987-02-25', 'm', '436-9754 Velit. Street', 'volutpat.nulla.facilisis@aol.edu', NULL),
(18, 'Karina', 'Contreras', '1958-05-15', 'f', 'Ap #548-1838 Non, Street', 'venenatis.vel@hotmail.org', NULL),
(19, 'Beverly', 'Gregory', '1989-01-22', 'f', 'Ap #126-1405 Augue Ave', 'nibh@protonmail.ca', NULL),
(20, 'Kylan', 'Castillo', '1982-07-06', 'm', '123-234 Dui St.', 'etiam.imperdiet@google.edu', NULL),
(21, 'Colt', 'Turner', '1987-03-29', 'm', '2074 Nunc. Street', 'porttitor.interdum.sed@hotmail.edu', NULL),
(22, 'Burke', 'Ramsey', '1979-06-26', 'm', 'Ap #550-2017 Nulla. Avenue', 'sed@hotmail.couk', NULL),
(23, 'Justin', 'Mack', '1978-08-30', 'm', '447-3432 Malesuada Av.', 'integer.aliquam@icloud.net', NULL),
(24, 'Rooney', 'Waters', '1977-06-14', 'm', '160-4238 Eu Rd.', 'sed.id@google.edu', 'Koordinator'),
(25, 'Edward', 'Hoover', '1984-02-27', 'm', '6849 Penatibus Street', 'sed@outlook.net', NULL),
(26, 'Fitzgerald', 'Holder', '1990-05-22', 'm', 'Ap #458-3319 Nisi Street', 'mauris.erat@google.ca', 'Vertrauenslehrer'),
(27, 'Solomon', 'Patel', '1963-12-11', 'm', '681-9966 Aliquet Street', 'ut.quam@hotmail.com', NULL),
(28, 'Sean', 'Mooney', '1957-03-16', 'm', '518-6533 Iaculis Street', 'mi@outlook.net', NULL),
(29, 'Kasper', 'Porter', '1995-10-18', 'm', 'Ap #155-2461 Integer St.', 'luctus.felis.purus@outlook.net', NULL),
(30, 'Griffin', 'Orr', '1964-01-19', 'm', 'P.O. Box 379, 2856 Nisl. Street', 'suscipit.nonummy@yahoo.ca', NULL),
(31, 'Ferdinand', 'Eaton', '1967-11-22', 'm', '979-7916 Dolor, Ave', 'sociis.natoque@outlook.com', NULL),
(32, 'Zeph', 'Patrick', '1987-02-26', 'm', 'Ap #921-3839 Orci, St.', 'imperdiet.ullamcorper@google.com', NULL),
(33, 'Keegan', 'Simmons', '1980-12-21', 'm', '1337 Ipsum. St.', 'senectus.et@yahoo.net', NULL),
(34, 'Jerry', 'Cole', '1959-01-22', 'm', 'P.O. Box 154, 3258 Viverra. Road', 'eget.magna@aol.couk', 'Schulleiter'),
(35, 'Harlan', 'Stanley', '1997-12-02', 'm', '613 Turpis Rd.', 'purus.mauris.a@outlook.ca', NULL),
(36, 'Hunter', 'Ford', '1991-04-14', 'm', '187 Iaculis, Rd.', 'eu.accumsan@aol.com', NULL),
(37, 'Harrison', 'Carey', '1986-07-03', 'm', 'Ap #837-3706 Curabitur Avenue', 'neque.tellus.imperdiet@hotmail.ca', 'Ltg. Sprachen'),
(38, 'Hedley', 'Porter', '1997-04-12', 'm', '713 Nulla St.', 'dignissim.lacus@google.com', NULL),
(39, 'Blake', 'Holder', '1978-08-02', 'm', '5223 Libero St.', 'diam.proin.dolor@hotmail.net', NULL),
(40, 'Bruno', 'Swanson', '1970-08-22', 'm', '819-2623 Mus. Rd.', 'lorem.ipsum.dolor@outlook.com', NULL);

-- --------------------------------------------------------

--
-- Tabellenstruktur für Tabelle `Schueler`
--

CREATE TABLE `Schueler` (
  `ID` mediumint NOT NULL,
  `Vorname` varchar(255) CHARACTER SET utf8mb4 COLLATE utf8mb4_0900_ai_ci DEFAULT NULL,
  `Nachname` varchar(255) CHARACTER SET utf8mb4 COLLATE utf8mb4_0900_ai_ci DEFAULT NULL,
  `GebDatum` varchar(255) CHARACTER SET utf8mb4 COLLATE utf8mb4_0900_ai_ci DEFAULT NULL,
  `Geschlecht` text CHARACTER SET utf8mb4 COLLATE utf8mb4_0900_ai_ci,
  `Adresse` varchar(255) CHARACTER SET utf8mb4 COLLATE utf8mb4_0900_ai_ci DEFAULT NULL,
  `Email` varchar(255) CHARACTER SET utf8mb4 COLLATE utf8mb4_0900_ai_ci DEFAULT NULL,
  `KlassenID` mediumint DEFAULT NULL,
  `Lieblingsfach` varchar(255) CHARACTER SET utf8mb4 COLLATE utf8mb4_0900_ai_ci DEFAULT NULL
) ENGINE=InnoDB DEFAULT ;

--
-- Daten für Tabelle `Schueler`
--

INSERT INTO `Schueler` (`ID`, `Vorname`, `Nachname`, `GebDatum`, `Geschlecht`, `Adresse`, `Email`, `KlassenID`, `Lieblingsfach`) VALUES
(1, 'Dean', 'Knight', '2004-02-02', 'm', '669-4211 Justo Ave', 'odio.etiam@yahoo.net', 8, 'Kunst'),
(2, 'Ulysses', 'Love', '2010-01-30', 'm', 'P.O. Box 411, 1293 Et, St.', 'congue.elit@yahoo.org', 1, 'Sport'),
(3, 'Jarrod', 'Mckay', '2010-09-15', 'm', '2777 Sollicitudin St.', 'sit@outlook.com', 2, 'Sport'),
(4, 'Philip', 'Cantu', '2008-05-06', 'm', '441-150 In, Rd.', 'molestie.sodales@yahoo.couk', 14, 'Bio'),
(5, 'Neil', 'Roberts', '2005-12-02', 'm', '9147 Non Rd.', 'magna.praesent@outlook.net', 12, 'Spanisch'),
(6, 'Sean', 'Stevenson', '2005-04-21', 'm', 'Ap #746-4935 Arcu. Ave', 'morbi@google.ca', 12, 'Chemie'),
(7, 'Gage', 'Riley', '2009-02-26', 'm', '631-694 Natoque St.', 'eleifend.non.dapibus@aol.couk', 6, 'Chemie'),
(8, 'Travis', 'Mcintosh', '2006-06-02', 'm', '753-1850 Aenean Road', 'curae.donec@google.org', 5, 'Bio'),
(9, 'Luke', 'Anderson', '2009-02-17', 'm', 'P.O. Box 289, 3286 A, Rd.', 'laoreet.ipsum@outlook.com', 6, 'Englisch'),
(10, 'Bert', 'Roy', '2009-10-18', 'm', 'Ap #438-2247 Montes, St.', 'sed.auctor@google.ca', 7, 'Sport'),
(11, 'Zeus', 'Christensen', '2004-12-12', 'm', '899-5019 Felis. Ave', 'habitant.morbi@yahoo.couk', 10, 'Bio'),
(12, 'Jerry', 'Benjamin', '2007-10-31', 'm', 'Ap #195-3987 Adipiscing Avenue', 'hendrerit.a.arcu@aol.ca', 3, 'Deutsch'),
(13, 'Caldwell', 'Stuart', '2008-04-13', 'm', 'Ap #952-452 Pretium Av.', 'nisi.a.odio@icloud.org', 13, 'Deutsch'),
(14, 'Kennan', 'Gomez', '2006-07-09', 'm', 'Ap #958-9168 Eu Street', 'mus.donec@aol.ca', 3, 'Kunst'),
(15, 'Callum', 'Burns', '2008-03-15', 'm', 'P.O. Box 150, 7858 Nunc Street', 'arcu.curabitur@protonmail.net', 10, 'Deutsch'),
(16, 'Caleb', 'Holloway', '2009-08-29', 'm', '9899 Mauris. St.', 'egestas.aliquam@google.org', 7, 'Spanisch'),
(17, 'Kate', 'Carr', '2005-02-23', 'f', '271-2249 Feugiat Avenue', 'purus.sapien@protonmail.edu', 11, 'Mathe'),
(18, 'Colby', 'Burton', '2004-06-04', 'm', '621-3985 In St.', 'nibh.sit@outlook.ca', 8, 'Englisch'),
(19, 'Dalton', 'Vargas', '2010-08-09', 'm', 'Ap #405-9051 Dictum. Rd.', 'nunc.mauris@outlook.ca', 1, 'Geo'),
(20, 'Iris', 'Barrera', '2006-06-23', 'f', '5164 Risus. Road', 'ultricies.ornare.elit@protonmail.ca', 5, 'Physik'),
(21, 'Lucas', 'Wiggins', '2006-12-14', 'm', '654-5964 Risus Rd.', 'curabitur.sed@icloud.net', 5, 'Chemie'),
(22, 'Dean', 'Trujillo', '2004-10-23', 'm', 'Ap #474-1633 At Ave', 'mauris.magna@icloud.couk', 8, 'Sport'),
(23, 'Lee', 'Acevedo', '2010-10-30', 'm', 'Ap #657-1132 Aliquam Road', 'ac.mattis.velit@hotmail.org', 1, 'Geo'),
(24, 'Beth', 'Church', '2007-01-16', 'f', '977-1623 Magna Ave', 'pellentesque.tincidunt@outlook.net', 3, 'Kunst'),
(25, 'Ulysses', 'Mendoza', '2006-02-06', 'm', '2223 Amet Rd.', 'aliquet.sem@google.org', 3, 'Physik'),
(26, 'Raja', 'Powers', '2010-01-17', 'f', 'Ap #535-6335 Mauris St.', 'consectetuer@icloud.org', 2, 'Geo'),
(27, 'Hyatt', 'Curtis', '2010-06-14', 'm', 'Ap #228-272 Mollis Avenue', 'duis.volutpat@google.couk', 2, 'Englisch'),
(28, 'Phillip', 'Figueroa', '2008-04-22', 'm', 'Ap #608-9788 Tristique Avenue', 'nunc@protonmail.net', 13, 'Deutsch'),
(29, 'Dennis', 'Mills', '2010-09-07', 'm', 'Ap #445-3555 Nascetur Street', 'aenean.massa.integer@yahoo.com', 1, 'Kunst'),
(30, 'Dolan', 'Young', '2004-03-30', 'm', 'P.O. Box 857, 5578 Pellentesque Av.', 'torquent.per.conubia@google.couk', 9, 'Deutsch'),
(31, 'Reuben', 'Simmons', '2010-06-12', 'm', 'Ap #762-8944 Enim. St.', 'dictum@outlook.com', 2, 'Bio'),
(32, 'Baker', 'Sanford', '2010-03-05', 'm', '411-6967 Egestas. Road', 'dictum.sapien.aenean@yahoo.ca', 2, 'Sport'),
(33, 'Ross', 'Garcia', '2010-02-09', 'm', 'P.O. Box 204, 4972 Blandit. Avenue', 'lorem.ut@yahoo.org', 1, 'Physik'),
(34, 'Rigel', 'Cantu', '2009-06-05', 'm', 'Ap #671-2706 Suspendisse St.', 'urna.nunc.quis@protonmail.couk', 7, 'Bio'),
(35, 'Armand', 'Lott', '2010-10-06', 'm', 'Ap #870-1821 Molestie St.', 'habitant@yahoo.com', 1, 'Sport'),
(36, 'Brendan', 'Alvarado', '2008-01-19', 'm', '470-1337 Fringilla St.', 'tellus.aenean.egestas@protonmail.edu', 14, 'Physik'),
(37, 'Burton', 'Fuller', '2005-08-28', 'm', 'P.O. Box 577, 6161 Maecenas Street', 'orci.in@google.edu', 11, 'Geo'),
(38, 'Cooper', 'Boone', '2007-04-23', 'm', '180 Duis Street', 'neque.sed@google.net', 3, 'Sport'),
(39, 'Amir', 'Faulkner', '2006-05-09', 'm', 'Ap #650-8134 A Rd.', 'malesuada.augue@outlook.org', 3, 'Sport'),
(40, 'Clark', 'York', '2010-05-09', 'm', 'Ap #471-9272 Iaculis Rd.', 'magna@protonmail.edu', 2, 'Kunst'),
(41, 'Hannah', 'Bond', '2006-04-04', 'f', 'Ap #738-2922 A St.', 'vel.vulputate@icloud.couk', 4, 'Sport'),
(42, 'Samuel', 'Bartlett', '2009-03-27', 'm', 'Ap #299-6426 A Rd.', 'ac.metus@hotmail.org', 6, 'Bio'),
(43, 'Clarke', 'Whitehead', '2005-11-18', 'm', '628-6254 Eleifend. Rd.', 'arcu@aol.com', 11, 'Kunst'),
(44, 'Darius', 'Gordon', '2006-04-29', 'm', '6115 Eu Rd.', 'dapibus.gravida@outlook.net', 4, 'Bio'),
(45, 'Chandler', 'Anthony', '2010-01-12', 'm', 'Ap #476-3313 Aliquam Avenue', 'massa.quisque@outlook.ca', 1, 'Kunst'),
(46, 'Clark', 'Conway', '2008-08-08', 'm', 'Ap #441-5839 Sed St.', 'cursus.luctus@outlook.ca', 14, 'Englisch'),
(47, 'Brian', 'Albert', '2006-03-25', 'm', 'P.O. Box 605, 6255 Suspendisse Avenue', 'neque@aol.couk', 5, 'Spanisch'),
(48, 'Randall', 'Preston', '2010-04-29', 'm', 'Ap #153-1920 Ipsum Av.', 'mauris.sagittis@outlook.couk', 2, 'Geo'),
(49, 'Stewart', 'Suarez', '2008-05-28', 'm', '684-3558 Quisque Av.', 'lorem@google.com', 14, 'Geo'),
(50, 'Quentin', 'Rollins', '2008-04-23', 'm', '965-4062 Suspendisse Av.', 'donec@google.ca', 14, 'Kunst'),
(51, 'Barrett', 'Larson', '2009-07-14', 'm', '5151 Quisque Rd.', 'dolor.egestas.rhoncus@aol.ca', 6, 'Geo'),
(52, 'Bevis', 'Santiago', '2007-01-13', 'm', '400-8950 Dis Ave', 'adipiscing.elit@icloud.com', 4, 'Chemie'),
(53, 'Clinton', 'Joyce', '2004-02-27', 'm', 'Ap #911-2867 Interdum. Road', 'sed@yahoo.edu', 10, 'Sport'),
(54, 'Cedric', 'Simmons', '2009-04-07', 'm', 'Ap #850-6188 Sem Av.', 'egestas.duis@protonmail.couk', 7, 'Chemie'),
(55, 'Oscar', 'Estrada', '2004-02-25', 'm', '200-1497 Dictum Av.', 'mauris.eu.elit@protonmail.ca', 9, 'Chemie'),
(56, 'Channing', 'Pratt', '2008-11-07', 'm', 'P.O. Box 609, 6893 Vivamus Rd.', 'aenean.egestas@google.ca', 10, 'Deutsch'),
(57, 'Blake', 'Cameron', '2007-08-14', 'm', 'P.O. Box 615, 5091 Cursus Av.', 'orci@icloud.net', 4, 'Spanisch'),
(58, 'Russell', 'Mcdonald', '2004-11-28', 'm', '839-9299 Sit Rd.', 'vestibulum.ante@protonmail.com', 10, 'Sport'),
(59, 'Theodore', 'Aguilar', '2010-06-05', 'm', 'Ap #480-5522 Felis Road', 'ante.vivamus.non@icloud.com', 1, 'Deutsch'),
(60, 'Isaiah', 'Cooper', '2007-12-08', 'm', 'P.O. Box 549, 3194 Lectus, Street', 'pharetra@google.edu', 4, 'Englisch'),
(61, 'Perry', 'Rush', '2005-08-04', 'm', 'Ap #586-1199 Mauris Street', 'tincidunt@outlook.couk', 12, 'Englisch'),
(62, 'Lucius', 'Robertson', '2008-05-05', 'm', 'P.O. Box 865, 4141 Aliquet St.', 'aliquet@hotmail.net', 13, 'Mathe'),
(63, 'Rajah', 'Hensley', '2008-01-18', 'm', 'P.O. Box 674, 7892 Eget Road', 'sed.congue.elit@outlook.net', 10, 'Mathe'),
(64, 'Linus', 'Rice', '2009-12-28', 'm', 'Ap #850-8099 Laoreet Av.', 'lacus.cras@aol.org', 7, 'Kunst'),
(65, 'Ciaran', 'Munoz', '2009-05-02', 'm', '2304 Faucibus Av.', 'arcu.vestibulum@google.ca', 7, 'Bio'),
(66, 'Rajah', 'Hardy', '2008-03-03', 'm', 'Ap #289-7103 Duis Rd.', 'consequat.enim.diam@hotmail.ca', 13, 'Sport'),
(67, 'Byron', 'Leach', '2009-06-15', 'm', '100-1285 Curabitur Street', 'euismod.mauris@aol.couk', 6, 'Kunst'),
(68, 'Brent', 'Anthony', '2005-03-21', 'm', '316-4433 Tempor Street', 'vestibulum.massa@hotmail.net', 12, 'Sport'),
(69, 'Mark', 'Vaughn', '2008-03-17', 'm', 'P.O. Box 386, 6955 Quam. St.', 'mi.lorem@google.couk', 13, 'Sport'),
(70, 'Carter', 'Ball', '2010-03-07', 'm', '646-9920 Integer Street', 'in.faucibus.morbi@icloud.edu', 2, 'Physik'),
(71, 'William', 'Haynes', '2010-02-12', 'm', '606-3644 Eget Street', 'egestas.sed@aol.org', 2, 'Mathe'),
(72, 'Brian', 'Harmon', '2008-12-01', 'm', '760-4263 Proin Rd.', 'quisque.purus.sapien@protonmail.couk', 14, 'Spanisch'),
(73, 'Aquila', 'Lucas', '2009-08-08', 'm', '401-2191 Sem Av.', 'at@icloud.edu', 6, 'Geo'),
(74, 'Alvin', 'Decker', '2008-01-10', 'm', 'Ap #252-4409 Eu, Rd.', 'non@icloud.com', 13, 'Physik'),
(75, 'Cooper', 'Pollard', '2004-07-02', 'm', '1887 Tellus. Rd.', 'enim@hotmail.edu', 10, 'Spanisch'),
(76, 'Allistair', 'Lyons', '2007-07-09', 'm', 'Ap #645-8755 Lacinia. Street', 'elit.elit.fermentum@icloud.edu', 5, 'Geo'),
(77, 'Jelani', 'Murphy', '2006-12-07', 'm', 'Ap #434-6819 Non, Rd.', 'vestibulum.massa.rutrum@protonmail.net', 3, 'Kunst'),
(78, 'Orlando', 'Gamble', '2005-07-03', 'm', '3527 Ac St.', 'risus.morbi@outlook.org', 12, 'Geo'),
(79, 'Uriah', 'Cotton', '2005-03-13', 'm', '552-2941 Lorem St.', 'cras@protonmail.com', 12, 'Englisch'),
(80, 'Cooper', 'Wilcox', '2005-06-24', 'm', 'P.O. Box 495, 6234 Vestibulum Street', 'consectetuer.adipiscing@yahoo.com', 11, 'Deutsch'),
(81, 'Malachi', 'Schmidt', '2010-09-18', 'm', 'Ap #883-5072 Proin St.', 'nec.metus@google.com', 2, 'Geo'),
(82, 'Bevis', 'Gilbert', '2004-12-07', 'm', 'P.O. Box 698, 1235 Turpis Ave', 'adipiscing@hotmail.org', 8, 'Bio'),
(83, 'Wallace', 'Ellison', '2007-02-02', 'm', 'Ap #547-2826 Euismod Av.', 'phasellus.vitae@outlook.couk', 4, 'Mathe'),
(84, 'Chadwick', 'Henry', '2007-06-25', 'm', 'Ap #146-6005 Eleifend, Road', 'eget.lacus@hotmail.edu', 4, 'Chemie'),
(85, 'Chandler', 'Gomez', '2004-11-20', 'm', '2844 Odio Road', 'auctor@yahoo.net', 9, 'Sport'),
(86, 'Barry', 'Tyler', '2005-07-12', 'm', '4672 Aliquam Avenue', 'tincidunt@google.org', 11, 'Geo'),
(87, 'Gary', 'Collins', '2009-04-11', 'm', 'Ap #699-3763 Scelerisque Street', 'orci.adipiscing.non@yahoo.couk', 6, 'Kunst'),
(88, 'Ulric', 'Hampton', '2010-12-27', 'm', 'P.O. Box 665, 1696 Porttitor Street', 'tristique@outlook.ca', 2, 'Mathe'),
(89, 'Paul', 'Snow', '2006-12-06', 'm', 'Ap #916-9783 Dictum Ave', 'a.enim.suspendisse@hotmail.net', 4, 'Mathe'),
(90, 'Oren', 'Tucker', '2004-09-13', 'm', '202-2723 Orci Street', 'in@icloud.com', 8, 'Mathe'),
(91, 'Keaton', 'Walton', '2010-08-22', 'm', 'Ap #630-9237 Quis Av.', 'tempor.bibendum@icloud.org', 1, 'Bio'),
(92, 'Sebastian', 'Mclean', '2007-05-04', 'm', '5161 Velit St.', 'tempor.lorem.eget@icloud.com', 3, 'Mathe'),
(93, 'Demetrius', 'Page', '2005-12-10', 'm', 'P.O. Box 502, 1645 Donec Street', 'natoque.penatibus@icloud.org', 12, 'Bio'),
(94, 'Calvin', 'Merritt', '2006-03-05', 'm', '502-8322 Tempus Ave', 'integer@aol.org', 3, 'Mathe'),
(95, 'Wade', 'Weber', '2006-03-02', 'm', 'Ap #630-4463 Nascetur St.', 'nisi.nibh@protonmail.ca', 3, 'Mathe'),
(96, 'George', 'Mitchell', '2008-12-05', 'm', '930-2840 Cras St.', 'ut@hotmail.com', 13, 'Englisch'),
(97, 'Gray', 'Hamilton', '2004-07-24', 'm', '380-3169 Gravida St.', 'nibh.enim@google.com', 8, 'Bio'),
(98, 'Bruno', 'Mccoy', '2010-03-20', 'm', 'P.O. Box 155, 6959 Phasellus St.', 'erat.nonummy@protonmail.com', 2, 'Mathe'),
(99, 'Kenneth', 'Velez', '2010-04-02', 'm', 'Ap #953-3184 Id, Avenue', 'nulla.at@hotmail.edu', 1, 'Physik'),
(100, 'Wande', 'Snider', '2008-05-15', 'f', 'P.O. Box 309, 6926 A Street', 'malesuada.id@aol.ca', 13, 'Geo'),
(101, 'Gisela', 'Solis', '2005-08-28', 'f', '8010 Non, Ave', 'fermentum.arcu@hotmail.couk', 12, 'Geo'),
(102, 'Lillian', 'Goodwin', '2005-01-16', 'f', '5628 Vehicula Road', 'etiam@aol.com', 10, 'Sport'),
(103, 'Charity', 'Leon', '2009-08-20', 'f', '181-9721 Vestibulum Av.', 'lorem.ac@outlook.ca', 6, 'Deutsch'),
(104, 'Melinda', 'Levy', '2008-07-28', 'f', '9195 In Road', 'gravida.mauris@protonmail.com', 13, 'Englisch'),
(105, 'Farrah', 'Gamble', '2004-09-29', 'f', 'Ap #426-6527 Suspendisse Avenue', 'maecenas.malesuada@google.couk', 10, 'Sport'),
(106, 'Gail', 'Ortiz', '2007-02-13', 'f', 'Ap #956-2252 Odio. Street', 'tincidunt.pede@yahoo.couk', 5, 'Physik'),
(107, 'Jillian', 'Warner', '2009-01-02', 'f', '689-2551 Donec St.', 'ante.dictum.cursus@icloud.couk', 6, 'Chemie'),
(108, 'May', 'Everett', '2008-01-28', 'f', '4521 Volutpat Street', 'dui@hotmail.com', 13, 'Chemie'),
(109, 'Sara', 'Colon', '2009-06-28', 'f', 'Ap #831-4439 Neque Road', 'ut@aol.ca', 7, 'Sport'),
(110, 'Shannon', 'Fisher', '2010-11-18', 'f', '747-7651 Mauris St.', 'natoque.penatibus@icloud.edu', 1, 'Englisch'),
(111, 'Olga', 'Chase', '2007-11-06', 'f', 'P.O. Box 851, 3744 Dui Rd.', 'quis.pede@google.edu', 3, 'Englisch'),
(112, 'Haviva', 'Fuentes', '2008-09-29', 'f', '524-7858 Placerat, Rd.', 'lacus.cras.interdum@aol.com', 14, 'Kunst'),
(113, 'Pascale', 'Small', '2007-01-18', 'f', '2669 Donec Rd.', 'odio.sagittis@icloud.couk', 5, 'Englisch'),
(114, 'Julie', 'Duncan', '2008-07-23', 'f', '730-6634 Lectus Av.', 'id.magna.et@google.org', 14, 'Spanisch'),
(115, 'Lana', 'Nelson', '2009-03-22', 'f', 'Ap #260-8182 In Avenue', 'massa.quisque@google.edu', 7, 'Chemie'),
(116, 'Imelda', 'Castillo', '2006-01-24', 'f', '2633 Elit, Ave', 'et@protonmail.org', 5, 'Physik'),
(117, 'Quin', 'Wilcox', '2009-04-20', 'f', 'P.O. Box 858, 206 Neque. Street', 'rutrum.non.hendrerit@hotmail.com', 7, 'Englisch'),
(118, 'Lacy', 'Levy', '2006-08-22', 'f', '647-3369 Volutpat Rd.', 'metus@yahoo.ca', 3, 'Chemie'),
(119, 'Sigourney', 'Mccray', '2007-01-30', 'f', '4349 Consectetuer Street', 'massa.vestibulum@icloud.net', 5, 'Chemie'),
(120, 'Gwendolyn', 'Mcintyre', '2008-10-20', 'f', 'P.O. Box 110, 1432 Tempor Rd.', 'cursus.nunc@hotmail.net', 13, 'Chemie'),
(121, 'Anika', 'Hart', '2008-06-27', 'f', 'P.O. Box 691, 5965 In Avenue', 'dignissim.lacus.aliquam@yahoo.ca', 13, 'Physik'),
(122, 'Avye', 'Howell', '2006-01-02', 'f', '806-6636 Blandit. Rd.', 'orci.quis.lectus@icloud.couk', 5, 'Sport'),
(123, 'Fleur', 'Stewart', '2009-07-25', 'f', '9466 Lorem Rd.', 'ipsum.suspendisse@outlook.com', 6, 'Geo'),
(124, 'Uma', 'Murphy', '2006-10-05', 'f', 'P.O. Box 497, 5403 Pharetra Rd.', 'dapibus.ligula@hotmail.edu', 4, 'Deutsch'),
(125, 'Shelly', 'Garrett', '2008-03-08', 'f', 'Ap #863-4600 Praesent St.', 'rhoncus@protonmail.net', 14, 'Deutsch'),
(126, 'Alyssa', 'Wallace', '2009-05-12', 'f', '884-3062 Augue Avenue', 'nulla.dignissim@yahoo.net', 6, 'Deutsch'),
(127, 'Zenia', 'Schneider', '2009-03-18', 'f', 'Ap #679-126 Interdum. Rd.', 'dolor@protonmail.ca', 6, 'Physik'),
(128, 'Jaden', 'Levine', '2009-12-14', 'f', 'P.O. Box 423, 6897 Ornare, Road', 'elit@hotmail.org', 7, 'Geo'),
(129, 'Yolanda', 'Burns', '2005-06-12', 'f', '587-508 Porta Rd.', 'aliquam.eros@aol.edu', 12, 'Englisch'),
(130, 'Indigo', 'Barnett', '2005-03-31', 'f', '194-9909 Ante. Rd.', 'turpis.non@outlook.net', 12, 'Sport'),
(131, 'Beatrice', 'Vazquez', '2005-10-19', 'f', '1986 Nec, Ave', 'fringilla.purus@protonmail.ca', 11, 'Spanisch'),
(132, 'Aline', 'Jacobson', '2007-12-05', 'f', 'Ap #881-1599 Ultricies Street', 'cubilia.curae@icloud.couk', 3, 'Mathe'),
(133, 'Renee', 'Mclean', '2010-09-30', 'f', 'P.O. Box 321, 3036 Mus. Street', 'scelerisque.sed@google.edu', 2, 'Chemie'),
(134, 'Katelyn', 'Jensen', '2005-10-06', 'f', '8021 Ut, Road', 'facilisi@protonmail.edu', 12, 'Geo'),
(135, 'Charity', 'Dickson', '2007-04-05', 'f', 'Ap #235-9503 Nam Road', 'ipsum.suspendisse.non@aol.edu', 5, 'Sport'),
(136, 'Violet', 'Mccormick', '2006-02-01', 'f', '9836 Turpis Av.', 'luctus.aliquet@hotmail.com', 4, 'Mathe'),
(137, 'Olga', 'Keller', '2009-08-12', 'f', '931 A Ave', 'eleifend.nec@yahoo.couk', 7, 'Spanisch'),
(138, 'Yoko', 'Walsh', '2010-08-10', 'f', '102-5879 Cras Rd.', 'ornare@aol.net', 2, 'Bio'),
(139, 'Zephr', 'Workman', '2007-08-26', 'f', '394-6203 Ligula St.', 'at@google.org', 4, 'Englisch'),
(140, 'Quynn', 'Puckett', '2010-08-22', 'f', '737-9773 Justo Ave', 'urna.vivamus@yahoo.ca', 1, 'Kunst'),
(141, 'Germane', 'Welch', '2007-03-07', 'f', '775-3450 Tincidunt Rd.', 'tortor.at@aol.couk', 5, 'Spanisch'),
(142, 'Farrah', 'Drake', '2006-05-15', 'f', 'Ap #327-9312 Praesent Road', 'sed@aol.couk', 5, 'Bio'),
(143, 'Victoria', 'Marsh', '2007-02-16', 'f', '3119 Euismod Ave', 'enim.nec.tempus@aol.org', 5, 'Mathe'),
(144, 'Maile', 'Delacruz', '2005-01-27', 'f', 'Ap #519-9464 Quisque Avenue', 'dictum@hotmail.net', 10, 'Bio'),
(145, 'Kelly', 'Richardson', '2010-09-20', 'f', 'P.O. Box 878, 4882 Lorem, Av.', 'mauris.vel@aol.ca', 2, 'Englisch'),
(146, 'Kirsten', 'Sanford', '2006-08-28', 'f', 'P.O. Box 614, 6898 Tellus Avenue', 'primis.in@icloud.com', 3, 'Deutsch'),
(147, 'Isadora', 'Lynch', '2005-01-11', 'f', 'P.O. Box 976, 2448 Lorem Road', 'molestie.sodales@google.edu', 9, 'Chemie'),
(148, 'Adele', 'Rowe', '2004-08-15', 'f', '672-4106 Malesuada Rd.', 'volutpat.ornare.facilisis@yahoo.couk', 10, 'Sport'),
(149, 'Alice', 'Short', '2005-04-16', 'f', '613 Ultrices Ave', 'duis.volutpat@yahoo.com', 11, 'Physik'),
(150, 'Eve', 'Quinn', '2004-08-01', 'f', 'Ap #412-4433 Dictum Road', 'nulla@hotmail.com', 9, 'Physik'),
(151, 'Kevyn', 'Stevens', '2007-06-17', 'f', '791-1652 Eu Avenue', 'sem.ut@outlook.org', 3, 'Englisch'),
(152, 'Penelope', 'Ward', '2009-04-22', 'f', 'P.O. Box 559, 843 Sem Street', 'magnis@yahoo.edu', 6, 'Bio'),
(153, 'Dahlia', 'Rodriguez', '2007-10-28', 'f', 'P.O. Box 546, 8840 Luctus Street', 'aliquet.libero@protonmail.org', 5, 'Englisch'),
(154, 'Jessica', 'Barton', '2006-03-30', 'f', 'Ap #848-9897 Gravida. Rd.', 'sed.pede@yahoo.net', 4, 'Mathe'),
(155, 'Noelani', 'Boyle', '2010-05-12', 'f', '976-5677 Sed Ave', 'augue.ac@aol.org', 2, 'Deutsch'),
(156, 'Madeson', 'Herman', '2004-04-11', 'f', '832-9557 Mauris Rd.', 'nisl.elementum@hotmail.org', 10, 'Kunst'),
(157, 'Melyssa', 'Prince', '2009-01-05', 'f', '1651 Et Av.', 'sed@hotmail.edu', 7, 'Englisch'),
(158, 'Melodie', 'Mendez', '2010-09-30', 'f', 'P.O. Box 603, 8421 Proin Street', 'integer.in.magna@aol.net', 1, 'Physik'),
(159, 'Nadine', 'Lester', '2009-05-04', 'f', '850-3599 Erat St.', 'justo.nec@protonmail.org', 6, 'Mathe'),
(160, 'Macey', 'Rodriquez', '2004-06-19', 'f', '444-7246 Lorem St.', 'pede@google.edu', 9, 'Mathe'),
(161, 'Kiara', 'Evans', '2009-08-31', 'f', '531-6280 Donec Rd.', 'lacus.mauris.non@google.org', 6, 'Sport'),
(162, 'Giselle', 'Delaney', '2010-08-23', 'f', 'P.O. Box 851, 6422 Elit. Ave', 'ultricies.sem@protonmail.net', 2, 'Geo'),
(163, 'Nerea', 'Jones', '2005-02-15', 'f', '667-603 Et Road', 'lorem.auctor@hotmail.edu', 8, 'Spanisch'),
(164, 'Fiona', 'Munoz', '2006-09-14', 'f', 'P.O. Box 635, 4631 Erat Avenue', 'sed@outlook.ca', 3, 'Chemie'),
(165, 'Denise', 'Coffey', '2004-12-24', 'f', '492-2733 Proin St.', 'vivamus.euismod@yahoo.com', 8, 'Bio'),
(166, 'Gloria', 'Mcgowan', '2006-03-07', 'f', 'Ap #670-1596 Aliquam Rd.', 'eros.turpis.non@google.org', 4, 'Chemie'),
(167, 'Larissa', 'Silva', '2004-05-26', 'f', 'Ap #525-3625 Sit Ave', 'iaculis@icloud.com', 10, 'Bio'),
(168, 'Lynn', 'Fernandez', '2009-03-30', 'f', 'P.O. Box 624, 4264 Augue Rd.', 'ante.blandit@aol.org', 7, 'Deutsch'),
(169, 'Clementine', 'Ray', '2004-12-08', 'f', '544-5842 Quis Av.', 'quis@icloud.org', 9, 'Kunst'),
(170, 'Flavia', 'Berg', '2004-05-25', 'f', '428-3948 Sagittis St.', 'nulla.integer@protonmail.net', 9, 'Mathe'),
(171, 'Tashya', 'Waters', '2005-08-31', 'f', '276-7106 Massa. Road', 'in@hotmail.couk', 11, 'Englisch'),
(172, 'Kaitlin', 'Mcdowell', '2005-10-23', 'f', 'Ap #976-8844 Donec Ave', 'massa.mauris@icloud.org', 12, 'Spanisch'),
(173, 'Calista', 'Gallagher', '2006-05-03', 'f', '626-9002 Vulputate, Rd.', 'porttitor.vulputate@outlook.com', 4, 'Physik'),
(174, 'Sage', 'Norton', '2005-12-04', 'f', 'Ap #977-5080 Aliquet Avenue', 'magna.sed@outlook.ca', 11, 'Kunst'),
(175, 'Cheryl', 'Boyd', '2007-08-10', 'f', 'Ap #989-7309 Dapibus Avenue', 'nunc.ut.erat@icloud.couk', 5, 'Deutsch'),
(176, 'Regina', 'Nolan', '2009-11-16', 'f', 'P.O. Box 955, 4814 Sed, Road', 'ac.sem@outlook.com', 6, 'Englisch'),
(177, 'Suki', 'Ayala', '2010-07-03', 'f', '769-9472 Integer Av.', 'parturient@hotmail.couk', 1, 'Spanisch'),
(178, 'Courtney', 'Leon', '2008-04-20', 'f', '658-3367 Fermentum St.', 'posuere@protonmail.net', 14, 'Physik'),
(179, 'Giselle', 'Fowler', '2006-06-20', 'f', '7215 Congue Av.', 'et.nunc@outlook.edu', 4, 'Geo'),
(180, 'Bianca', 'Mccarthy', '2006-02-24', 'f', '532-2575 Nunc Avenue', 'etiam.gravida.molestie@aol.net', 5, 'Geo'),
(181, 'Gisela', 'Case', '2006-07-31', 'f', 'P.O. Box 895, 9969 Cras St.', 'faucibus.ut.nulla@google.ca', 5, 'Bio'),
(182, 'Yoshi', 'Douglas', '2008-01-29', 'f', '373-575 Gravida St.', 'sit.amet@hotmail.net', 14, 'Spanisch'),
(183, 'Deirdre', 'Benjamin', '2004-03-25', 'f', 'P.O. Box 297, 2976 Gravida Ave', 'augue.malesuada@google.net', 8, 'Englisch'),
(184, 'Lillith', 'Hahn', '2010-12-04', 'f', 'P.O. Box 645, 8565 Elit. Av.', 'tristique.ac.eleifend@yahoo.ca', 2, 'Physik'),
(185, 'Celeste', 'Coleman', '2006-10-05', 'f', 'Ap #102-1478 Scelerisque Road', 'vitae@yahoo.edu', 3, 'Englisch'),
(186, 'Carolyn', 'Farley', '2006-06-14', 'f', '697-2799 Rutrum St.', 'scelerisque.mollis@yahoo.edu', 3, 'Englisch'),
(187, 'Megan', 'Coleman', '2009-01-02', 'f', '8872 Enim Road', 'pharetra.felis.eget@hotmail.couk', 6, 'Chemie'),
(188, 'Destiny', 'Schultz', '2008-04-05', 'f', 'Ap #501-5582 Nunc Ave', 'aliquam@aol.couk', 14, 'Geo'),
(189, 'Angela', 'Raymond', '2009-01-05', 'f', '241-9780 Nascetur Road', 'ut.lacus@icloud.couk', 7, 'Mathe'),
(190, 'Angelica', 'Aguirre', '2006-09-25', 'f', '814-9667 Vulputate, Rd.', 'dictum.placerat.augue@protonmail.net', 4, 'Kunst'),
(191, 'Tatum', 'Kramer', '2008-08-15', 'f', 'Ap #745-841 Dapibus St.', 'consequat@icloud.net', 13, 'Chemie'),
(192, 'Germane', 'Austin', '2006-01-21', 'f', '193-2094 Luctus Ave', 'urna.convallis@outlook.net', 5, 'Deutsch'),
(193, 'Eugenia', 'Wynn', '2005-03-16', 'f', 'P.O. Box 721, 5407 Ornare, Road', 'sed.auctor@icloud.net', 11, 'Deutsch'),
(194, 'Julie', 'Burris', '2004-09-23', 'f', '669 Eget, Street', 'elit.fermentum.risus@yahoo.net', 9, 'Mathe'),
(195, 'Madonna', 'Whitehead', '2007-07-17', 'f', 'Ap #629-3866 Vel Rd.', 'nunc.interdum@google.net', 3, 'Geo'),
(196, 'Lacota', 'Buckley', '2004-04-16', 'f', '931 Donec Ave', 'et.rutrum@google.com', 8, 'Bio'),
(197, 'Adria', 'Simmons', '2005-03-24', 'f', '867-7083 Molestie Rd.', 'aenean@yahoo.com', 11, 'Sport'),
(198, 'Victoria', 'Mercer', '2009-05-03', 'f', 'Ap #698-8086 Ullamcorper. Av.', 'suspendisse.tristique@icloud.ca', 6, 'Bio'),
(199, 'Ariel', 'Dorsey', '2005-06-11', 'f', 'Ap #382-7156 Risus. St.', 'semper.dui@google.org', 11, 'Physik'),
(200, 'Piper', 'Watkins', '2010-09-08', 'f', 'Ap #129-5294 Donec Avenue', 'ipsum.phasellus.vitae@outlook.edu', 2, 'Sport');

--
-- Indizes der exportierten Tabellen
--

--
-- Indizes für die Tabelle `Klasse`
--
ALTER TABLE `Klasse`
  ADD PRIMARY KEY (`ID`),
  ADD KEY `FK_Lehrer` (`LehrerID`);

--
-- Indizes für die Tabelle `Kurs`
--
ALTER TABLE `Kurs`
  ADD PRIMARY KEY (`ID`);

--
-- Indizes für die Tabelle `KursSchueler`
--
ALTER TABLE `KursSchueler`
  ADD PRIMARY KEY (`KursID`,`SchuelerID`),
  ADD KEY `FK_Schueler` (`SchuelerID`);

--
-- Indizes für die Tabelle `Lehrer`
--
ALTER TABLE `Lehrer`
  ADD PRIMARY KEY (`ID`);

--
-- Indizes für die Tabelle `Schueler`
--
ALTER TABLE `Schueler`
  ADD PRIMARY KEY (`ID`),
  ADD KEY `FK_Klasse` (`KlassenID`);

--
-- AUTO_INCREMENT für exportierte Tabellen
--

--
-- AUTO_INCREMENT für Tabelle `Klasse`
--
ALTER TABLE `Klasse`
  MODIFY `ID` mediumint NOT NULL AUTO_INCREMENT, AUTO_INCREMENT=15;

--
-- AUTO_INCREMENT für Tabelle `Kurs`
--
ALTER TABLE `Kurs`
  MODIFY `ID` mediumint NOT NULL AUTO_INCREMENT, AUTO_INCREMENT=30;

--
-- AUTO_INCREMENT für Tabelle `Lehrer`
--
ALTER TABLE `Lehrer`
  MODIFY `ID` mediumint NOT NULL AUTO_INCREMENT, AUTO_INCREMENT=41;

--
-- AUTO_INCREMENT für Tabelle `Schueler`
--
ALTER TABLE `Schueler`
  MODIFY `ID` mediumint NOT NULL AUTO_INCREMENT, AUTO_INCREMENT=201;

--
-- Constraints der exportierten Tabellen
--

--
-- Constraints der Tabelle `Klasse`
--
ALTER TABLE `Klasse`
  ADD CONSTRAINT `FK_Lehrer` FOREIGN KEY (`LehrerID`) REFERENCES `Lehrer` (`ID`) ON DELETE RESTRICT ON UPDATE RESTRICT;

--
-- Constraints der Tabelle `KursSchueler`
--
ALTER TABLE `KursSchueler`
  ADD CONSTRAINT `FK_Kurs` FOREIGN KEY (`KursID`) REFERENCES `Kurs` (`ID`) ON DELETE RESTRICT ON UPDATE RESTRICT,
  ADD CONSTRAINT `FK_Schueler` FOREIGN KEY (`SchuelerID`) REFERENCES `Schueler` (`ID`) ON DELETE RESTRICT ON UPDATE RESTRICT;

--
-- Constraints der Tabelle `Schueler`
--
ALTER TABLE `Schueler`
  ADD CONSTRAINT `FK_Klasse` FOREIGN KEY (`KlassenID`) REFERENCES `Klasse` (`ID`) ON DELETE RESTRICT ON UPDATE RESTRICT;
COMMIT;

/*!40101 SET CHARACTER_SET_CLIENT=@OLD_CHARACTER_SET_CLIENT */;
/*!40101 SET CHARACTER_SET_RESULTS=@OLD_CHARACTER_SET_RESULTS */;
/*!40101 SET COLLATION_CONNECTION=@OLD_COLLATION_CONNECTION */;
